departamento,municipio,n_edificios,area_construida_km2
Bogotá D.C.,Bogotá D.C.,904770,114.4539775987004
Valle del Cauca,Santiago de Cali,374320,43.19922378314089
Antioquia,Medellín,366425,37.271124850286974
Tolima,Ibagué,118894,15.219086894092147
Cundinamarca,Madrid,27466,14.449010043325355
Risaralda,Pereira,109731,14.110128471806664
Huila,Neiva,100321,12.210588789493775
Cauca,Popayán,113846,12.187975242180025
Antioquia,Rionegro,56887,11.283034825485455
Valle del Cauca,Palmira,69772,10.945122948220414
Cundinamarca,Soacha,82325,10.744249070746438
Cundinamarca,Facatativá,24007,8.697921161506263
Cundinamarca,Funza,20086,8.352162164981506
Caldas,Manizales,62210,8.278012748643057
Cundinamarca,Chía,46747,7.609576814760378
Antioquia,Bello,76214,7.452158934453989
Valle del Cauca,Buenaventura,88811,7.151903023615068
Quindío,Armenia,59540,7.08205620428684
Valle del Cauca,Yumbo,40881,6.755403347712737
Cundinamarca,El Rosal,9799,6.64142047938453
Valle del Cauca,Tuluá,56431,6.599451936529119
Cundinamarca,Fusagasugá,47037,6.558736109610925
Valle del Cauca,Jamundí,52164,6.024432126281229
Cundinamarca,Tocancipá,14325,6.0176652145155485
Risaralda,Dosquebradas,42177,5.452413129533787
Antioquia,Guarné,36531,5.272144002053244
Antioquia,La Ceja,17351,5.12668330096251
Valle del Cauca,Cartago,32119,5.100832440869825
Antioquia,Envigado,38955,5.098838097258858
Valle del Cauca,Candelaria,38088,4.958300608085658
Cundinamarca,Zipaquirá,27012,4.885853820350631
Antioquia,El Carmen de Viboral,22238,4.785622467564234
Cundinamarca,Cota,21111,4.732359048829208
Cundinamarca,Mosquera,23392,4.717762631266222
Antioquia,Itagüí,32816,4.676176344563951
Cundinamarca,Cajicá,35046,4.563191218222085
Valle del Cauca,Guadalajara de Buga,24048,4.252475885697532
Cundinamarca,Tenjo,18175,3.9425328304312988
Cundinamarca,Girardot,24917,3.9055850065542583
Antioquia,Marinilla,23803,3.719443867135417
Cauca,Santander de Quilichao,30381,3.5905727511722274
Cundinamarca,Nemocón,6606,3.360253537957734
Cundinamarca,Cogua,14750,3.0228383583760574
Cundinamarca,Sopó,11911,3.021765857044024
Tolima,Espinal,19103,2.94829393193194
Antioquia,Girardota,22054,2.880771796136267
Risaralda,Santa Rosa de Cabal,26027,2.865124523246208
Antioquia,Copacabana,25834,2.7685548370697957
Cauca,Caloto,20700,2.650855303475183
Cundinamarca,Guasca,12166,2.640183524815387
Cauca,Piendamó,27056,2.600757332740026
Valle del Cauca,Dagua,24894,2.5128630812111403
Cauca,Cajibío,35199,2.4454552917448162
Valle del Cauca,El Cerrito,16406,2.418096256725634
Cundinamarca,La Calera,24723,2.4164144671736865
Chocó,Quibdó,26865,2.3605516332326166
Antioquia,Santa Rosa de Osos,19049,2.353258065490711
Antioquia,La Estrella,16241,2.340758307581424
Quindío,Calarcá,19660,2.2786807217360954
Cundinamarca,Tabio,15856,2.2536514472997267
Cundinamarca,Suesca,8390,2.223243796505678
Caldas,La Dorada,14400,2.1923662969385065
Cundinamarca,Sesquilé,7942,2.154474234974907
Antioquia,Retiro,17172,2.1197407985511236
Huila,Palermo,14666,2.0263331867768017
Antioquia,Barbosa,18264,2.0186919138303807
Cauca,El Tambo,29203,2.003310093312869
Tolima,Melgar,15941,1.955963773210332
Cundinamarca,Sibaté,12535,1.9335082040561045
Antioquia,Caldas,17058,1.9251873005067244
Cundinamarca,Fómeque,9046,1.9213578556715194
Cundinamarca,Gachancipá,5898,1.8665777136130846
Antioquia,San Vicente,11849,1.8541570722768212
Cundinamarca,Villa de San Diego de Ubaté,13354,1.775586005995423
Cauca,Morales,25233,1.7443351219027066
Tolima,Guamo,16844,1.7186620627141065
Boyacá,Puerto Boyacá,13991,1.714049371713881
Tolima,San Sebastian de Mariquita,13612,1.7013032541684572
Cundinamarca,Villeta,15026,1.6961833495270675
Tolima,Flandes,11851,1.6776652646491141
Boyacá,Chiquinquirá,13149,1.663280229733047
Cundinamarca,Guaduas,12568,1.6507299643550741
Antioquia,Chigorodó,14751,1.6361230936258992
Tolima,Chaparral,15474,1.606097323998871
Antioquia,Sabaneta,9905,1.5967139841620372
Huila,Rivera,12323,1.591224784147557
Antioquia,Santuario,11725,1.574004655953471
Cundinamarca,La Mesa,11937,1.555418983050152
Caldas,Villamaría,15619,1.5466626543164796
Valle del Cauca,Pradera,10983,1.5330242351722614
Caldas,Chinchiná,12485,1.5188618030539272
Valle del Cauca,Florida,11487,1.505114268963025
Valle del Cauca,San Pedro,8485,1.5018476353201677
Cundinamarca,Ricaurte,11750,1.494505941586068
Antioquia,Sonsón,10016,1.475529926192045
Antioquia,Peñol,14231,1.4473386096062386
Valle del Cauca,Zarzal,9171,1.4451335868845063
Antioquia,Yarumal,10963,1.4336312141728442
Quindío,Montenegro,11464,1.4265582666089442
Caldas,Riosucio,14154,1.4214085689382367
Cundinamarca,Pacho,15706,1.4030537473132638
Quindío,Circasia,11137,1.383215857198733
Cundinamarca,Silvania,13763,1.3648491865149888
Cundinamarca,Cáqueza,12084,1.3619383625248318
Antioquia,San Pedro de los Milagros,11430,1.3573968643354013
Valle del Cauca,La Unión,9232,1.3571936412785173
Tolima,Líbano,12415,1.3484694311230132
Quindío,Quimbaya,8926,1.314089485927654
Huila,Campoalegre,9676,1.3120777599036237
Valle del Cauca,Guacarí,8546,1.2613781876922139
Cundinamarca,Subachoque,11207,1.2524991250865838
Cundinamarca,Anapoima,10297,1.242860908062648
Cundinamarca,Bojacá,3922,1.2422892297467583
Antioquia,Amagá,10196,1.2408020882451924
Antioquia,San Jerónimo,12921,1.2152889779563765
Antioquia,Santafé de Antioquia,12429,1.2110615163476173
Cauca,Miranda,9579,1.2082419471297063
Cauca,Páez,16017,1.183510291542362
Cauca,Inzá,17340,1.1810907894339562
Valle del Cauca,La Cumbre,10973,1.164996740411917
Antioquia,Andes,13236,1.1555075935035777
Antioquia,Fredonia,9127,1.1496225469106736
Cauca,Caldonó,12933,1.1362301756675992
Antioquia,El Sopetrán,12677,1.13490272678713
Valle del Cauca,Ginebra,7278,1.1222446511527537
Antioquia,Don Matías,7893,1.1176271855447864
Tolima,Purificación,10474,1.1099847382865746
Tolima,Honda,7368,1.1053432365671174
Tolima,Coyaima,13955,1.0869137590782838
Valle del Cauca,Roldanillo,6609,1.084531475957915
Cundinamarca,Chocontá,8749,1.078713315010723
Valle del Cauca,Calima,9692,1.0733439651325862
Cundinamarca,La Vega,9520,1.0688372371972121
Caldas,Anserma,10246,1.0297802510655756
Caldas,Supía,10230,1.0048660729814416
Antioquia,Puerto Berrío,10161,1.001145839853301
Cauca,Villa Rica,7853,0.9951376254613781
Cundinamarca,San Francisco,10688,0.994277101851554
Cauca,Buenos Aires,11277,0.991812019610952
Antioquia,Cocorná,10941,0.9902453049687477
Tolima,San Luís,10838,0.987122038862947
Cauca,Puerto Tejada,6171,0.9749256186786214
Cundinamarca,Tocaíma,8958,0.9737037403451294
Valle del Cauca,Bugalagrande,8763,0.9664148339827758
Tolima,Fresno,8938,0.9602309205010727
Valle del Cauca,Andalucía,7246,0.9508945529704308
Cundinamarca,Ubaqué,7744,0.9436668637555403
Tolima,Carmen de Apicalá,8429,0.9418753335867209
Tolima,Ortega,10787,0.9366060411749664
Cundinamarca,San Antonio del Tequendama,8266,0.9365776763245225
Antioquia,San Carlos,10053,0.9315789830088039
Cundinamarca,Choachí,9348,0.9304700960346679
Antioquia,San Roque,10046,0.9042424560742759
Cundinamarca,Arbeláez,7755,0.9021569342485473
Valle del Cauca,Yotoco,5992,0.8966896700770316
Valle del Cauca,Restrepo,7498,0.8892232000851874
Cundinamarca,Chipaque,7279,0.8830458051642961
Antioquia,La Unión,5197,0.8737553622981886
Cundinamarca,Anolaima,5461,0.871961202167914
Cundinamarca,El Colegio,7796,0.8680715432977889
Antioquia,Urrao,8368,0.8672448962838455
Caldas,Palestina,8123,0.8647461340208139
Cauca,Suárez,12523,0.8580563520034531
Valle del Cauca,Ansermanuevo,6860,0.8534350069908996
Antioquia,Segovia,10039,0.8513044425445889
Antioquia,Remedios,10478,0.8482347021666363
Quindío,Filandia,5496,0.8447402257471739
Tolima,Lérida,6481,0.8328869574662346
Caldas,Neira,8395,0.8278022718977149
Cauca,Corinto,8879,0.82747906669878
Risaralda,Quinchía,10123,0.8237259536619995
Cundinamarca,Guachetá,8049,0.8040174341280204
Antioquia,Abejorral,6654,0.7997941649199058
Cauca,Silvia,7952,0.7906096043566071
Antioquia,Santa Bárbara,8187,0.7847959833515832
Antioquia,Santo Domingo,8087,0.7816191311514924
Cundinamarca,Nilo,5005,0.7804978183320656
Antioquia,Támesis,6121,0.7719233239853813
Antioquia,Entrerríos,6244,0.7705359882385469
Tolima,Natagaima,7274,0.7700457768057465
Antioquia,San Rafael,8783,0.7686215208454948
Antioquia,Puerto Triunfo,5669,0.7567050429745688
Antioquia,Yolombó,8115,0.7547997563111519
Cundinamarca,Sasaima,5161,0.7539890411385454
Antioquia,Concordia,7812,0.7532875179612976
Cundinamarca,Puerto Salgar,5453,0.7495999847228088
Tolima,Saldaña,6483,0.7436303242955086
Risaralda,Belén de Umbría,7919,0.7415381859260696
Caldas,Salamina,5753,0.7344821822806276
Cundinamarca,Simijaca,6958,0.7322206607536988
Risaralda,Marsella,7281,0.7293347321464464
Antioquia,Jericó,5646,0.7249818386694419
Cundinamarca,Cachipay,3427,0.7236433630895691
Cundinamarca,Lenguazaque,6082,0.7223007021349752
Antioquia,Frontino,7434,0.719748993229106
Antioquia,Ciudad Bolívar,5968,0.7145143058349366
Huila,Villavieja,5718,0.7039412084187064
Valle del Cauca,La Victoria,4366,0.7005925684866134
Caldas,Pensilvania,8563,0.6894844269715142
Antioquia,Ebéjico,7321,0.6892762596707036
Antioquia,Jardín,5780,0.6808993281238873
Antioquia,Cañasgordas,8854,0.6787336537598357
Santander,Cimitarra,6459,0.6770417700553711
Cundinamarca,Fúquene,4906,0.6738236156718851
Valle del Cauca,Riofrío,6399,0.6721091101635558
Cauca,Toribío,9081,0.6683473109264451
Caldas,Samaná,7952,0.6595117634981729
Cauca,Totoró,8175,0.6561785304703666
Antioquia,Angostura,7190,0.6560788502049568
Cundinamarca,Fosca,5876,0.6313373333850152
Tolima,Rovira,5736,0.6253839726375817
Chocó,Istmina,5920,0.623800775001049
Tolima,Armero,5027,0.6234220189152831
Quindío,La Tebaida,4422,0.623263231824604
Valle del Cauca,Alcalá,4758,0.6127881389488945
Tolima,Venadillo,5299,0.6113882625968865
Risaralda,La Virginia,3852,0.6098838735079299
Antioquia,Puerto Nare,5270,0.6025976623966042
Antioquia,Granada,7008,0.5990132963990562
Quindío,Salento,4962,0.5946875749287377
Antioquia,Salgar,6016,0.5933602362852661
Cundinamarca,Agua de Díos,4721,0.591501224703476
Antioquia,Maceo,5632,0.5790587890427491
Cundinamarca,San Juan de Río Seco,7036,0.5676876846239036
Antioquia,San Luís,6700,0.5641172568766526
Cundinamarca,Guatavita,5953,0.5583952271317802
Antioquia,Betulia,8083,0.5562577934184575
Boyacá,Saboyá,5650,0.5558605358819596
Valle del Cauca,Vijes,4874,0.5540828199633637
Cundinamarca,Viotá,6060,0.5511799966348099
Valle del Cauca,Toro,4773,0.547693081122543
Antioquia,Ituango,6940,0.545019554100357
Cundinamarca,Rafael Reyes,5291,0.5421365245614341
Antioquia,Gómez Plata,6372,0.5407714995678917
Cundinamarca,Susa,5175,0.5383810730941182
Risaralda,Santuario,4966,0.5355930400595779
Caldas,Viterbo,3279,0.5225965511276702
Tolima,Cajamarca,4509,0.5175568071631638
Antioquia,Titiribí,4620,0.5152034318271027
Antioquia,Tarso,3919,0.49094952543321685
Caldas,Filadelfia,5297,0.4884523645523606
Huila,Yaguará,3085,0.48566341029138566
Cundinamarca,Tausa,4941,0.4819779255115815
Huila,Aipe,4419,0.47744753669665685
Valle del Cauca,El Dovio,4116,0.47733958707201307
Caldas,Aguadas,5483,0.47643977538847926
Cundinamarca,Caparrapí,4781,0.4756536239566803
Tolima,Alvarado,4311,0.46987837223605877
Huila,Tello,5448,0.46878073232524337
Huila,Tesalia,3973,0.46797143589798434
Caldas,Manzanares,5585,0.4649731943281586
Caldas,Victoria,3996,0.4620555264339447
Antioquia,Belmira,4362,0.46027440413213344
Cundinamarca,Albán,3685,0.459945266511879
Tolima,Coello,5288,0.45767324099445345
Antioquia,Mutatá,4719,0.45421190261745453
Tolima,Planadas,5463,0.4537698572540283
Cundinamarca,Tena,3662,0.45280851000959854
Tolima,Icononzo,4848,0.45210251972886584
Cundinamarca,Cucunubá,4904,0.45173656442215193
Antioquia,Anorí,6184,0.45121029688692094
Tolima,Piedras,3480,0.4511623060583649
Antioquia,Dabeiba,6171,0.44720270299243925
Caldas,Risaralda,4546,0.4457676133797279
Antioquia,Guatapé,4352,0.43881594719146877
Cundinamarca,Quetame,4790,0.438527314290715
Valle del Cauca,Obando,3069,0.4295913354007755
Cundinamarca,Yacopí,6971,0.4294255047521591
Tolima,Ataco,4459,0.4159962367455925
Risaralda,Apía,4721,0.4154683454311546
Caldas,Aranzazú,4017,0.4143213510138992
Cundinamarca,Carmen de Carupa,5379,0.4138946211647293
Huila,Iquira,4756,0.40924309678871684
Cundinamarca,Une,4481,0.4080491776737324
Antioquia,Betania,4243,0.40802631186954114
Antioquia,Venecia,2902,0.40644638232007146
Antioquia,Liborina,5200,0.4060478236704067
Valle del Cauca,Trujillo,3836,0.40464684152885516
Antioquia,Valdivia,5188,0.40008375381999434
Huila,Teruel,3617,0.3974651696367783
Cundinamarca,La Palma,4212,0.3919267813477516
Valle del Cauca,Versalles,3542,0.3899734102890892
Caldas,Marquetalia,5071,0.38966795146656036
Cauca,Jambaló,5552,0.38825550577688217
Antioquia,Valparaíso,3277,0.3881718287193139
Valle del Cauca,El Águila,4728,0.383007895935297
Cundinamarca,Quipile,4442,0.37658674831417616
Tolima,Prado,4051,0.3760765386555195
Caldas,Pácora,4531,0.3689748625979424
Boyacá,Pauna,6149,0.3683195933977661
Valle del Cauca,El Cairo,3951,0.36816699370038686
Risaralda,Guática,4174,0.3537164854765533
Valle del Cauca,Ulloa,2754,0.35218310652877505
Cundinamarca,Pasca,3230,0.35126509499531244
Antioquia,Campamento,4024,0.35096076097074047
Cundinamarca,Nocaima,3039,0.3487744664177895
Caldas,Belalcázar,3609,0.3466119435186386
Antioquia,Tarazá,4947,0.34487169822216035
Antioquia,Heliconia,3725,0.3402397741159805
Cundinamarca,Quebradanegra,3047,0.33711483690480654
Boyacá,Muzo,4274,0.331551486748119
Cundinamarca,La Peña,3098,0.3309404255871773
Tolima,Ambalema,2472,0.3282435976965881
Antioquia,Pueblorrico,3314,0.3279196296390579
Cauca,Timbiquí,3742,0.3218909974982063
Antioquia,San Andrés de Cuerquia,4187,0.3208372314252456
Antioquia,Cisneros,2587,0.31787784300790944
Antioquia,Toledo,3724,0.31752534678889693
Risaralda,Balboa,2872,0.3153360146346001
Cundinamarca,Vianí,3789,0.31448046375312805
Antioquia,Montebello,3291,0.3134039242243767
Cundinamarca,Guayabal de Síquima,2459,0.31269083223214106
Cundinamarca,Guayabetal,3272,0.3103215928486046
Risaralda,Mistrató,3916,0.31006585991816177
Tolima,Cunday,3037,0.3092140591707176
Cauca,Timbío,3572,0.303748445798901
Cundinamarca,Granada,2664,0.3032210164241592
Antioquia,La Pintada,2203,0.3030589167966323
Cauca,Padilla,2486,0.2985975462515617
Cundinamarca,Sutatausa,3567,0.2976278268473148
Tolima,Anzoátegui,4143,0.2936670880322456
Santander,Bolívar,3041,0.29316974162435533
Chocó,Bahía Solano,2976,0.29247896302299575
Antioquia,Guadalupe,3563,0.2883421092783882
Santander,Sucre,4194,0.2864016315792748
Tolima,Valle de San Juan,3013,0.28331991459560396
Cundinamarca,Chaguaní,3827,0.2809653440833092
Boyacá,Quípama,4293,0.28080841725206374
Boyacá,Otanche,4426,0.27930875162553787
Tolima,Falán,2728,0.27682441473674774
Risaralda,La Celia,3546,0.27627034582783283
Cundinamarca,El Peñon,3430,0.2762464911904335
Huila,Nátaga,3809,0.2727178183250427
Antioquia,Anzá,4363,0.27182294226646425
Santander,La Belleza,3175,0.2694695113085495
Antioquia,Angelópolis,2533,0.2694107699236687
Antioquia,Sabanalarga,4560,0.2665194613237381
Cundinamarca,Junín,3596,0.2663420618317474
Antioquia,Caramanta,2476,0.26391232741510773
Antioquia,Argelia,3188,0.25526547379398346
Antioquia,Alejandría,3212,0.25520122952385405
Antioquia,Carolina del Principe,1848,0.2539796168050819
Cundinamarca,Zipacón,2184,0.25387541943223724
Santander,Florián,3590,0.2538633011838135
Valle del Cauca,Bolívar,1799,0.2532425075080673
Cundinamarca,San Cayetano,2683,0.2510384886696495
Boyacá,Maripí,3349,0.2503797771678238
Cundinamarca,Vergara,2983,0.2473625753312111
Antioquia,San Francisco,3300,0.24607371196317673
Boyacá,San Pablo de Borbur,4103,0.24473062678813934
Chocó,El Carmen de Atrato,2478,0.2427760365224701
Cundinamarca,Útica,1794,0.24072058848285674
Antioquia,Nariño,2753,0.23993378675174712
Tolima,Suárez,2279,0.23885079651028365
Tolima,Palo Cabildo,2589,0.23797999940681458
Antioquia,Caicedo,4153,0.23762772889200362
Valle del Cauca,Argelia,2465,0.22979480345891037
Boyacá,San Miguel de Sema,2550,0.22939444282562102
Antioquia,Concepción,2306,0.22813180525016785
Antioquia,Yalí,2366,0.22747605731791765
Antioquia,Hispania,1931,0.22738478457974473
Tolima,Alpujarra,2338,0.22612050621051635
Quindío,Pijao,1917,0.22501244695454484
Caldas,San José,2401,0.2230293980207443
Antioquia,Buriticá,2863,0.22166766225600243
Antioquia,Uramita,2827,0.22108496442365647
Quindío,Génova,1691,0.21839529715208206
Caldas,La Merced,2922,0.2167868469525589
Tolima,Villahermosa,2667,0.21435353335445634
Tolima,Herveo,2309,0.21431925063457793
Antioquia,Armenia,2490,0.2134326942824974
Cundinamarca,Supatá,2586,0.21267005574893952
Huila,Hobo,1800,0.2112564895594284
Caldas,Norcasia,2277,0.21073454366922378
Caldas,Marmato,2187,0.20523676556156006
Huila,La Plata,2860,0.20434742553085478
Chocó,Atrato,2098,0.20204081921100617
Huila,Santa María,2584,0.20175450879526138
Boyacá,Caldas,2659,0.19972689682912825
Antioquia,Olaya,2189,0.19901245800065995
Huila,Baraya,1648,0.1963520042939186
Boyacá,Buenavista,1911,0.19492305186102063
Cundinamarca,Tibacuy,1903,0.19339045387049789
Antioquia,Briceño,2871,0.19249227025266077
Cundinamarca,Topaipí,2800,0.1894460777616501
Cundinamarca,Nariño,1935,0.1884083408649742
Valle del Cauca,Sevilla,1467,0.18739601629181596
Quindío,Córdoba,1943,0.18320107186698914
Antioquia,San José de la Montaña,1275,0.17979149229088134
Cundinamarca,Bituima,1978,0.17926574478869092
Cundinamarca,Pandi,1934,0.17390290558719634
Antioquia,Amalfi,2386,0.17067461159992217
Cundinamarca,Nimaima,1531,0.16521972685718536
Santander,Albania,2476,0.1644496522582649
Cundinamarca,San Bernardo,1553,0.1643000199112892
Cundinamarca,Cabrera,2289,0.1641964963130951
Antioquia,Giraldo,1947,0.16161220034742355
Huila,Paicol,1282,0.15978074538707734
Cauca,Sotará,2008,0.15809988370920106
Cundinamarca,Paime,2418,0.15520533429455757
Quindío,Buenavista,1410,0.1543505083956398
Chocó,Bajo Baudó,1595,0.15331847970447235
Antioquia,Pequé,1928,0.15037560700130462
Cundinamarca,Pulí,2024,0.1488017230448723
Cundinamarca,Gutiérrez,1832,0.14547695316123962
Cundinamarca,Venecia,1953,0.14530740539169312
Chocó,San José del Palmar,1611,0.13887666358995437
Cundinamarca,Jerusalén,1567,0.13725712986087799
Valle del Cauca,Caicedonia,1027,0.12930245051050185
Tolima,Casabianca,1608,0.11948113073158265
Caldas,Marulanda,1162,0.11769928357124329
Antioquia,Abriaquí,1376,0.11686972580177155
Antioquia,Caracolí,1355,0.11555850464582443
Boyacá,Briceño,1417,0.10383597410222167
Cundinamarca,Gachetá,1444,0.10319922070574761
Tolima,Santa Isabel,1542,0.10219294576311111
Cundinamarca,Guataquí,1141,0.09673757061529159
Tolima,Rioblanco,1099,0.0944538055524826
Chocó,Río Quito,1047,0.09439659030246735
Boyacá,Tinjacá,308,0.09422495935746232
Santander,Jesús María,1191,0.09314187539958954
Chocó,Belén de Bajirá,1316,0.09299662681007385
Cundinamarca,Beltrán,948,0.09090012642765045
Chocó,El Cantón del San Pablo,852,0.09009166542339325
Boyacá,Tunungua,1372,0.0877150305776596
Cundinamarca,Villagómez,1131,0.08601272390590896
Huila,Algeciras,741,0.07933499610990524
Chocó,Juradó,965,0.07873344615507126
Santander,Landázuri,644,0.07587161840248108
Antioquia,Turbo,588,0.05983065996694565
Meta,La Uribe,723,0.05511404121017456
Santander,El Peñon,927,0.05318604257154465
Cauca,Puracé,732,0.052814051018714905
Meta,El Calvario,604,0.05059118218913116
Chocó,Nuquí,757,0.05018194426631928
Meta,Acacías,114,0.04974508392336579
Boyacá,La Victoria,700,0.048683261679172515
Antioquia,Yondó,430,0.045204262419700623
Risaralda,Pueblo Rico,590,0.035676447481632234
Boyacá,Ráquira,456,0.03547990312099457
Chocó,El Litoral del San Juan,277,0.0332088057165535
Chocó,Unión Panamericana,319,0.03310712706851959
Chocó,Condotó,369,0.03092252826356888
Cundinamarca,Villapinzón,390,0.03058421087408066
Caquetá,San Vicente del Caguán,268,0.028496634063720702
Huila,Gigante,121,0.024316489629778292
Chocó,Alto Baudó,394,0.02231688788127899
Chocó,Medio Atrato,257,0.017838631499290467
Boyacá,Coper,217,0.01366263462638855
Córdoba,Puerto Libertador,236,0.011947736295700073
Chocó,Cértegui,186,0.01025219917678833
Antioquia,Vegachí,166,0.00983180119562149
Córdoba,Tierralta,136,0.008020736988067627
Cauca,López de Micay,83,0.006353086404800415
Chocó,Riosucio,110,0.005980572712898254
Chocó,El Carmen del Darién,79,0.005291691986083985
Tolima,Murillo,60,0.004247680307388306
Tolima,Dolores,64,0.004153840998649597
Meta,San Luis de Cubarral,89,0.003715798171043396
Antioquia,Cáceres,57,0.003471440299987793
Huila,Colombia,65,0.0032307874784469606
Cundinamarca,Machetá,60,0.002316309006690979
Chocó,Bagadó,35,0.0018923168992996215
Chocó,Nóvita,29,0.0017925882959365844
Tolima,Villarrica,29,0.0012634449081420898
Chocó,Tadó,15,0.0007319442853927612
Meta,Guamal,18,0.0006048585987091065
Córdoba,Montelíbano,11,0.000535826997756958
Santander,Puente Nacional,9,0.0003746167950630188
Chocó,Lloró,3,0.00014689190101623535
Meta,San Juanito,2,9.718479919433594e-05
Chocó,Sipí,1,6.564579772949219e-05
Antioquia,Zaragoza,2,5.267630195617676e-05
